LOAD kn,STRAIN1 mm
0.057143,0.009282
0.048596,0.009133
0.059289,0.00958
0.055009,0.009651
0.059611,0.009896
0.061631,0.010028
0.068164,0.010514
0.068599,0.01066
0.067073,0.010788
0.071383,0.011127
0.069308,0.011089
0.075454,0.011157
0.066584,0.011338
0.076264,0.0116
0.065863,0.011533
0.074416,0.011678
0.067657,0.011569
0.073737,0.011638
0.068837,0.011625
0.069761,0.011899
0.073421,0.01186
0.073403,0.012144
0.07841,0.012318
0.074935,0.012474
0.085783,0.012853
0.075477,0.012835
0.081646,0.012978
0.077337,0.012819
0.083363,0.012894
0.076789,0.012866
0.077659,0.013
0.081319,0.013087
0.081044,0.013187
0.087166,0.013258
0.079018,0.013406
0.089729,0.013531
0.082004,0.01354
0.090909,0.013906
0.08229,0.013798
0.087786,0.014071
0.081009,0.014054
0.088251,0.01419
0.087875,0.014292
0.085849,0.014451
0.092459,0.014459
0.08713,0.014494
0.091463,0.014531
0.08325,0.014386
0.092244,0.014713
0.086552,0.014675
0.096285,0.014787
0.090742,0.014928
0.099492,0.015213
0.100613,0.015207
0.099468,0.015391
0.097227,0.015508
0.096154,0.015421
0.099766,0.015629
0.095803,0.015648
0.103378,0.015807
0.095606,0.015844
0.104719,0.015917
0.096953,0.01591
0.10438,0.01612
0.09973,0.01612
0.105321,0.016085
0.10075,0.016305
0.105339,0.016459
0.105375,0.016543
0.105411,0.016621
0.11217,0.016612
0.101668,0.016675
0.117618,0.016816
0.103718,0.016877
0.110942,0.017153
0.105619,0.017035
0.113493,0.01729
0.11031,0.017268
0.110644,0.017267
0.112665,0.017464
0.111604,0.017596
0.120026,0.017522
0.114298,0.017752
0.126177,0.018095
0.118035,0.01812
0.131029,0.018503
0.124317,0.018517
0.1315,0.018736
0.12666,0.018813
0.130284,0.018919
0.12539,0.018932
0.126827,0.01889
0.130969,0.019186
0.127995,0.019266
0.13513,0.019396
0.128144,0.019298
0.138241,0.019484
0.12961,0.019658
0.140196,0.01976
0.13417,0.019881
0.143719,0.020077
0.139546,0.020087
0.142443,0.02034
0.14497,0.020436
0.141793,0.020473
0.146073,0.020609
0.138468,0.020567
0.148284,0.020761
0.137615,0.020698
0.149983,0.020697
0.139296,0.020636
0.148612,0.020847
0.138634,0.020759
0.148141,0.020871
0.147015,0.021074
0.148386,0.021124
0.148875,0.021148
0.147337,0.021364
0.157452,0.021278
0.15083,0.021502
0.165778,0.021803
0.160992,0.022093
0.169307,0.022446
0.161666,0.022376
0.169283,0.02245
0.165707,0.022518
0.166923,0.022611
0.168997,0.022733
0.166905,0.022802
0.168335,0.022884
0.163728,0.022766
0.170624,0.022865
0.163114,0.022849
0.174004,0.022895
0.165546,0.022934
0.176495,0.02327
0.170457,0.023158
0.176263,0.0234
0.174797,0.023515
0.179541,0.023774
0.18186,0.023702
0.178069,0.023883
0.185001,0.023933
0.181782,0.023954
0.1912,0.024276
0.18059,0.024195
0.189519,0.024468
0.185019,0.024391
0.192016,0.024472
0.187647,0.024561
0.193852,0.024721
0.192428,0.024929
0.195807,0.025043
0.198478,0.025211
0.195253,0.025145
0.203496,0.025493
0.194478,0.02526
0.206363,0.025507
0.19716,0.025493
0.209939,0.025851
0.20017,0.025793
0.206304,0.02588
0.205481,0.02599
0.208622,0.025932
0.210619,0.026167
0.208586,0.026252
0.213677,0.026299
0.207114,0.026193
0.218368,0.026377
0.210327,0.026378
0.219935,0.026677
0.212258,0.026588
0.221217,0.026863
0.216782,0.026746
0.223249,0.026867
0.217295,0.026839
0.221413,0.027057
0.223488,0.027115
0.220948,0.027072
0.231212,0.02743
0.224,0.027381
0.235677,0.027735
0.229359,0.027695
0.23542,0.027945
0.230974,0.027942
0.237149,0.027993
0.233817,0.027971
0.235963,0.028106
0.237668,0.028098
0.233483,0.028289
0.243258,0.028382
0.238025,0.028423
0.248438,0.0286
0.238299,0.02862
0.248611,0.028743
0.239623,0.028664
0.247735,0.028775
0.241435,0.028795
0.251108,0.028964
0.250387,0.029014
0.249898,0.029245
0.253779,0.029233
0.251186,0.02927
0.258112,0.029495
0.251418,0.029381
0.263196,0.029543
0.254613,0.029594
0.264043,0.029775
0.258571,0.029784
0.26347,0.029991
0.26288,0.030057
0.265574,0.030147
0.267804,0.030287
0.269753,0.030344
0.274938,0.030511
0.271672,0.030725
0.285202,0.030969
0.275075,0.031106
0.288725,0.031307
0.279099,0.031272
0.286597,0.03138
0.282967,0.031367
0.285715,0.031592
0.28522,0.031363
0.283283,0.031515
0.283349,0.03153
0.28109,0.031586
0.28711,0.031652
0.278687,0.031588
0.288659,0.031806
0.279766,0.031724
0.293088,0.03191
0.286084,0.031896
0.294292,0.03207
0.293827,0.032048
0.295323,0.032107
0.303006,0.032539
0.303125,0.03258
0.308305,0.032765
0.303024,0.032855
0.319541,0.033054
0.315094,0.033279
0.321484,0.033389
0.314093,0.033417
0.321841,0.033544
0.313461,0.033474
0.318652,0.033538
0.317025,0.033692
0.31786,0.033637
0.319457,0.033717
0.314635,0.033683
0.323409,0.033744
0.312781,0.03372
0.324321,0.033916
0.316954,0.033841
0.327182,0.033985
0.319821,0.034014
0.329596,0.034104
0.323665,0.034053
0.327784,0.034179
0.327057,0.034299
0.327349,0.034309
0.331503,0.034514
0.325632,0.034469
0.340986,0.034737
0.334936,0.034612
0.346136,0.034963
0.338048,0.03497
0.347114,0.035232
0.339597,0.035195
0.348425,0.035271
0.347543,0.035265
0.349981,0.035428
0.35131,0.035538
0.350994,0.035622
0.355893,0.035752
0.353384,0.035901
0.364274,0.03598
0.358027,0.036057
0.36878,0.036407
0.360256,0.036368
0.37322,0.036623
0.366926,0.036722
0.372845,0.036871
0.37505,0.036906
0.373751,0.037097
0.375956,0.036959
0.367451,0.037087
0.378597,0.037183
0.369376,0.036992
0.37868,0.037206
0.368738,0.037116
0.380689,0.037201
0.373447,0.037235
0.379837,0.037388
0.381202,0.037474
0.385928,0.037574
0.391644,0.03765
0.38926,0.037766
0.394887,0.037887
0.38867,0.038035
0.397402,0.038057
0.3874,0.037993
0.394732,0.038185
0.388396,0.038188
0.400352,0.038295
0.393206,0.038321
0.398076,0.038377
0.400436,0.038385
0.403249,0.038666
0.413859,0.03885
0.408101,0.038939
0.416559,0.03921
0.413895,0.039187
0.423819,0.039396
0.412381,0.039383
0.421393,0.039484
0.412643,0.039458
0.422275,0.039687
0.420237,0.039625
0.426608,0.039962
0.428808,0.039925
0.425792,0.040054
0.430018,0.040075
0.424129,0.04012
0.43264,0.040305
0.42755,0.040257
0.432658,0.040314
0.423604,0.040209
0.436908,0.040436
0.433105,0.040612
0.440133,0.040727
0.441372,0.040813
0.444931,0.040904
0.448513,0.041036
0.449479,0.041193
0.461709,0.041391
0.454897,0.041528
0.468749,0.041873
0.460553,0.041904
0.473398,0.042036
0.462389,0.041978
0.468379,0.042194
0.463718,0.042154
0.469071,0.042238
0.464922,0.042066
0.463808,0.04225
0.465727,0.042263
0.461572,0.042189
0.470442,0.0423
0.460368,0.042182
0.471294,0.042534
0.465578,0.042438
0.477129,0.042559
0.47332,0.042606
0.482064,0.042842
0.483787,0.042974
0.489855,0.043189
0.494462,0.043426
0.487995,0.043229
0.496203,0.043529
0.484371,0.04347
0.497442,0.043703
0.48821,0.043587
0.498122,0.043743
0.489831,0.043701
0.49684,0.043722
0.492775,0.043751
0.497508,0.043966
0.500202,0.043883
0.506341,0.044144
0.514811,0.044534
0.515485,0.044581
0.524664,0.044883
0.514281,0.044831
0.524694,0.044916
0.51589,0.044901
0.525063,0.045183
0.518823,0.045099
0.526702,0.045319
0.519252,0.045095
0.521135,0.045281
0.524455,0.045232
0.52011,0.04529
0.524485,0.045457
0.520408,0.045405
0.534672,0.045584
0.531685,0.045731
0.546962,0.046053
0.538433,0.046095
0.548106,0.046264
0.542444,0.04618
0.547063,0.046192
0.543761,0.046363
0.544643,0.046406
0.546306,0.04635
0.543827,0.046417
0.550467,0.046592
0.544822,0.046484
0.554276,0.046705
0.547385,0.046725
0.564587,0.046886
0.556272,0.04688
0.564766,0.047295
0.563413,0.047151
0.561833,0.047298
0.563776,0.047228
0.561321,0.047239
0.568193,0.047481
0.562447,0.047501
0.572062,0.04769
0.571257,0.047727
0.581437,0.047888
0.572151,0.047883
0.581843,0.048122
0.578314,0.047954
0.583023,0.048079
0.578898,0.048133
0.580245,0.048246
0.590122,0.048409
0.589389,0.04852
0.595862,0.048621
0.588042,0.048747
0.601929,0.048917
0.594121,0.048921
0.602883,0.049058
0.59346,0.048953
0.604242,0.049207
0.600421,0.049207
0.602806,0.049153
0.599539,0.049213
0.599265,0.049272
0.60575,0.049392
0.601304,0.049368
0.611955,0.049543
0.604737,0.049577
0.616699,0.049626
0.606543,0.049652
0.623065,0.050034
0.615031,0.049984
0.628114,0.050237
0.621533,0.050356
0.623858,0.050293
0.624716,0.050259
0.624728,0.050307
0.630379,0.050494
0.624186,0.050578
0.635052,0.050706
0.63163,0.050626
0.643033,0.050895
0.635362,0.05086
0.644755,0.051164
0.638044,0.051171
0.646037,0.051278
0.646544,0.051437
0.647354,0.05145
0.652319,0.051722
0.654,0.051659
0.661659,0.051976
0.652462,0.051939
0.663882,0.052184
0.65496,0.052077
0.671697,0.052342
0.663048,0.052377
0.67265,0.052525
0.664806,0.052426
0.674134,0.052597
0.677025,0.052689
0.677377,0.052816
0.681669,0.052805
0.676763,0.053081
0.687993,0.053185
0.678957,0.053242
0.68959,0.053465
0.680983,0.053387
0.692374,0.053486
0.685126,0.053475
0.69291,0.053626
0.692058,0.05361
0.697392,0.053776
0.699121,0.053893
0.693929,0.053983
0.702757,0.053992
0.698441,0.054072
0.708079,0.054212
0.700188,0.0541
0.710177,0.054377
0.701714,0.054222
0.711495,0.054558
0.708371,0.054599
0.719297,0.054756
0.717783,0.054884
0.724971,0.054977
0.733012,0.055412
0.726676,0.055409
0.732094,0.055419
0.724936,0.05539
0.735873,0.055705
0.726014,0.055515
0.732267,0.055739
0.724941,0.055591
0.735044,0.05572
0.730348,0.055765
0.736135,0.055867
0.740141,0.055926
0.737673,0.05595
0.744158,0.05614
0.740582,0.056247
0.749969,0.056325
0.7424,0.056254
0.753814,0.056396
0.744659,0.056473
0.756592,0.056574
0.75587,0.056697
0.761819,0.056844
0.761497,0.056852
0.767404,0.057132
0.772703,0.057266
0.770259,0.057353
0.77697,0.057521
0.768042,0.057456
0.773197,0.057621
0.766069,0.057589
0.77759,0.057755
0.770324,0.057659
0.782931,0.057871
0.779629,0.057873
0.788063,0.058099
0.793314,0.058257
0.790417,0.058266
0.794071,0.058385
0.784975,0.058379
0.791872,0.05859
0.785714,0.058428
0.795579,0.058577
0.790274,0.058599
0.801444,0.058723
0.7963,0.058742
0.806928,0.058976
0.806999,0.059101
0.807327,0.059206
0.814074,0.059279
0.810653,0.059369
0.822008,0.059559
0.816119,0.059729
0.823492,0.059761
0.816494,0.059733
0.819182,0.0599
0.816083,0.059797
0.822556,0.059924
0.816846,0.059879
0.81979,0.060021
0.817943,0.059848
0.818992,0.059996
0.82798,0.06009
0.822556,0.060091
0.834304,0.060234
0.823814,0.060269
0.833583,0.060517
0.827557,0.060409
0.841618,0.060606
0.837588,0.060626
0.847,0.060852
0.849056,0.060903
0.851035,0.061084
0.853807,0.06107
0.85302,0.061358
0.860298,0.061339
0.853324,0.061443
0.857562,0.061482
0.85175,0.061478
0.862062,0.061687
0.850797,0.061469
0.858533,0.061669
0.853366,0.061689
0.858593,0.061706
0.858086,0.061786
0.85842,0.061676
0.861341,0.061852
0.861865,0.061942
0.873822,0.062053
0.868696,0.062139
0.878322,0.062296
0.872725,0.062269
0.8838,0.062517
0.877905,0.062467
0.887698,0.06269
0.883925,0.062787
0.888836,0.062926
0.885624,0.062842
0.88793,0.06297
0.89516,0.063164
0.8874,0.063087
0.898045,0.063384
0.892246,0.063271
0.900704,0.063376
0.895768,0.063334
0.901979,0.063661
0.900465,0.063696
0.915134,0.063872
0.912589,0.063913
0.915104,0.064188
0.915128,0.06422
0.912976,0.064202
0.920326,0.064281
0.912744,0.064413
0.921506,0.064516
0.91241,0.064403
0.924331,0.06465
0.921172,0.064539
0.931972,0.064909
0.929809,0.064833
0.936532,0.064998
0.935066,0.065022
0.934005,0.064945
0.938874,0.065199
0.934875,0.065172
0.945449,0.065332
0.940281,0.065421
0.955611,0.065659
0.944155,0.065665
0.955629,0.065827
0.952268,0.065983
0.960672,0.066004
0.960934,0.066068
0.967848,0.066331
0.969923,0.066333
0.968069,0.066504
0.972998,0.066742
0.967795,0.066598
0.978631,0.066857
0.968599,0.066763
0.976026,0.067038
0.969559,0.06685
0.977534,0.066922
0.975049,0.066998
0.98148,0.067071
0.985873,0.067152
0.990224,0.067554
0.998378,0.067691
1.000273,0.067914
1.007551,0.068024
1.000118,0.068089
1.006788,0.068197
1.000738,0.068301
1.00826,0.068288
0.999367,0.068151
1.008534,0.068349
0.999504,0.068257
1.00137,0.06834
1.007336,0.068394
1.005012,0.068536
1.016235,0.068585
1.012403,0.068629
1.023841,0.068863
1.021439,0.068875
1.033878,0.06908
1.024842,0.069149
1.031584,0.069223
1.024652,0.06907
1.030129,0.069278
1.028872,0.0693
1.030028,0.069332
1.03367,0.069461
1.03423,0.069477
1.044047,0.069613
1.033026,0.069665
1.047027,0.069707
1.036966,0.069849
1.04779,0.069921
1.042575,0.069818
1.050645,0.070029
1.045269,0.070056
1.052552,0.070221
1.057023,0.070257
1.059246,0.070529
1.070493,0.070655
1.068372,0.070747
1.078957,0.071041
1.067775,0.071027
1.078737,0.071242
1.070547,0.071211
1.08031,0.071387
1.071543,0.071208
1.077515,0.071354
1.07227,0.07126
1.07609,0.071265
1.080889,0.071459
1.077312,0.071558
1.089954,0.071687
1.084369,0.071819
1.098299,0.071976
1.090902,0.072009
1.100868,0.072203
1.093996,0.072145
1.104045,0.072422
1.099938,0.072292
1.106644,0.07237
1.107812,0.072549
1.107842,0.07263
1.112336,0.072697
1.10873,0.072806
1.118785,0.072914
1.108509,0.072988
1.125282,0.073125
1.114756,0.073114
1.12558,0.073336
1.124173,0.073328
1.129156,0.073492
1.126486,0.073495
1.12673,0.073624
1.130384,0.073658
1.128012,0.073681
1.138306,0.073948
1.136512,0.07405
1.151162,0.074103
1.142418,0.074184
1.150578,0.074408
1.14547,0.074378
1.154321,0.074522
1.148504,0.074541
1.151407,0.074717
1.151431,0.074612
1.150256,0.074627
1.152843,0.074762
1.153451,0.074804
1.163203,0.074901
1.156491,0.074948
1.165593,0.075112
1.163703,0.075173
1.174015,0.075406
1.170808,0.075415
1.183826,0.075767
1.182437,0.075796
1.183552,0.075985
1.182884,0.076047
1.185596,0.07615
1.191783,0.07628
1.189494,0.076353
1.196849,0.076524
1.191306,0.076377
1.196903,0.076489
1.18838,0.076538
1.195419,0.076582
1.189494,0.076575
1.193172,0.076745
1.199299,0.076712
1.19921,0.076764
1.200724,0.076976
1.2007,0.076976
1.210058,0.077122
1.200563,0.077046
1.213163,0.077144
1.20405,0.077183
1.214373,0.077413
1.206517,0.077298
1.219302,0.077465
1.219445,0.077423
1.22239,0.077673
1.228362,0.077718
1.227981,0.077961
1.238894,0.078049
1.23536,0.078086
1.24616,0.078408
1.238233,0.078529
1.250428,0.078806
1.243234,0.078629
1.252949,0.07877
1.246458,0.07877
1.249498,0.078945
1.243806,0.078975
1.246357,0.078983
1.248634,0.079032
1.252043,0.079137
1.257569,0.079232
1.253682,0.079256
1.263189,0.079416
1.259929,0.079312
1.276213,0.079732
1.265162,0.079729
1.278967,0.079929
1.267064,0.079844
1.272988,0.079959
1.272148,0.080002
1.274186,0.080008
1.278979,0.080137
1.279485,0.080218
1.282448,0.080392
1.275015,0.080302
1.28696,0.080528
1.282501,0.080512
1.296192,0.080605
1.28569,0.080545
1.294923,0.080742
1.291066,0.080743
1.296329,0.080948
1.29407,0.081005
1.295871,0.080998
1.298827,0.080934
1.29059,0.080994
1.299936,0.081077
1.294857,0.08117
1.306129,0.081302
1.304257,0.081383
1.317453,0.081671
1.31399,0.081588
1.323563,0.081908
1.320082,0.081873
1.325518,0.082084
1.326656,0.082208
1.329237,0.082211
1.328367,0.08245
1.32274,0.082404
1.332271,0.082451
1.325047,0.082405
1.331335,0.082572
1.325673,0.082461
1.333606,0.082732
1.329428,0.082623
1.339847,0.082836
1.336676,0.082706
1.339269,0.08286
1.343447,0.082965
1.339287,0.082991
1.350415,0.08308
1.34241,0.083159
1.35563,0.08332
1.345646,0.083322
1.36022,0.083661
1.355213,0.083596
1.366812,0.083725
1.365477,0.083839
1.369125,0.083943
1.36767,0.083924
1.366526,0.084017
1.368511,0.084197
1.364392,0.084128
1.376569,0.084268
1.370871,0.084283
1.37794,0.084407
1.368773,0.084445
1.381373,0.08449
1.373976,0.084531
1.377326,0.084678
1.376331,0.084583
1.378173,0.084665
1.382273,0.084778
1.384223,0.084879
1.397473,0.085108
1.396888,0.085091
1.407522,0.085425
1.40186,0.085436
1.412874,0.085624
1.401627,0.08556
1.409227,0.08583
1.402944,0.085705
1.41145,0.08585
1.40779,0.085956
1.408088,0.086045
1.41353,0.086006
1.413161,0.085998
1.418817,0.086127
1.414752,0.086197
1.428866,0.086389
1.41865,0.086496
1.430488,0.086658
1.431364,0.086556
1.440167,0.086934
1.436824,0.086971
1.445001,0.087056
1.443887,0.087161
1.44304,0.087187
1.447695,0.087326
1.441967,0.087336
1.451743,0.087503
1.445746,0.087475
1.457942,0.087701
1.45036,0.087666
1.463807,0.087848
1.456243,0.087853
1.468551,0.087956
1.462364,0.088158
1.467514,0.088209
1.46907,0.08831
1.47298,0.088325
1.476437,0.088552
1.472485,0.088592
1.485175,0.088813
1.480943,0.088873
1.494062,0.089037
1.487094,0.088972
1.501614,0.089399
1.494557,0.08921
1.498157,0.089459
1.489931,0.089439
1.492596,0.089485
1.497471,0.089462
1.491511,0.089637
1.502413,0.0896
1.495999,0.08983
1.509255,0.089946
1.502109,0.089908
1.512587,0.090042
1.509219,0.090058
1.518726,0.090373
1.519483,0.090362
1.527828,0.090693
1.528847,0.090682
1.532435,0.0908
1.538646,0.091065
1.53566,0.091145
1.544106,0.091267
1.530439,0.091253
1.542854,0.091389
1.526976,0.091224
1.540643,0.091406
1.530594,0.091311
1.538032,0.091451
1.532847,0.091424
1.540631,0.091587
1.543945,0.091656
1.54869,0.091753
1.557225,0.091899
1.556337,0.091927
1.565391,0.092127
1.559079,0.092129
1.566756,0.092318
1.557535,0.092409
1.568854,0.092495
1.562446,0.092602
1.571608,0.092732
1.569325,0.09259
1.573956,0.092792
1.569849,0.092737
1.569766,0.092755
1.575559,0.092941
1.571214,0.092837
1.580733,0.092863
1.577914,0.093091
1.59111,0.093268
1.590741,0.09345
1.595533,0.093561
1.588631,0.093437
1.593029,0.09356
1.585543,0.093545
1.584905,0.093627
1.589334,0.093581
1.589102,0.093679
1.600629,0.09396
1.600116,0.093919
1.616389,0.094221
1.612735,0.094248
1.625639,0.094481
1.616955,0.094679
1.62245,0.094754
1.613885,0.094696
1.622868,0.094756
1.620173,0.09482
1.624328,0.094798
1.626021,0.095073
1.62273,0.095074
1.637697,0.095209
1.627535,0.09528
1.640356,0.095366
1.63306,0.095433
1.643437,0.095555
1.631176,0.095496
1.642615,0.095705
1.63691,0.095713
1.641262,0.095798
1.641738,0.095775
1.642609,0.095911
1.653153,0.096094
1.65543,0.096058
1.670009,0.096443
1.664793,0.096491
1.669979,0.096603
1.660919,0.096663
1.672322,0.096809
1.668042,0.096772
1.669061,0.097012
1.671374,0.096908
1.672447,0.097028
1.677424,0.097122
1.680756,0.097293
1.686293,0.097403
1.679736,0.097452
1.687467,0.097444
1.679581,0.09748
1.688421,0.097644
1.676732,0.097606
1.682383,0.097696
1.67557,0.097543
1.685202,0.097656
1.683134,0.097619
1.689082,0.097878
1.700377,0.097935
1.698357,0.098059
1.711118,0.098271
1.705676,0.098343
1.713353,0.098491
1.705056,0.098438
1.718014,0.098719
1.709044,0.098595
1.714927,0.09878
1.714748,0.098787
1.718938,0.098857
1.718652,0.098861
1.715761,0.098967
1.716715,0.099046
1.716864,0.098975
1.727206,0.099179
1.721108,0.09919
1.733768,0.099404
1.722258,0.099343
1.73797,0.099484
1.731122,0.099527
1.741451,0.099674
1.738143,0.099721
1.743037,0.099917
1.743668,0.10009
1.74886,0.100078
1.757807,0.100225
1.757097,0.100409
1.768428,0.100558
1.761496,0.100636
1.770997,0.100851
1.759785,0.100839
1.764923,0.101006
1.754457,0.100777
1.758116,0.100927
1.752913,0.100863
1.754314,0.100898
1.755136,0.101005
1.751983,0.100879
1.761878,0.101118
1.757455,0.101055
1.77027,0.1012
1.770931,0.101171
1.788247,0.101528
1.788658,0.101579
1.800364,0.102018
1.796442,0.10198
1.802361,0.10218
1.796991,0.102105
1.795602,0.102188
1.793265,0.102258
1.790076,0.102302
1.798052,0.102347
1.795089,0.102478
1.807868,0.102644
1.802158,0.102572
1.813322,0.102852
1.805365,0.102837
1.816726,0.102913
1.812476,0.102958
1.818663,0.103079
1.81849,0.103092
1.823163,0.103195
1.823664,0.103422
1.819617,0.10327
1.823992,0.103424
1.824695,0.103385
1.837111,0.103769
1.832438,0.103645
1.847595,0.103945
1.843625,0.10396
1.847237,0.104252
1.843011,0.104057
1.840454,0.104158
1.840198,0.104249
1.837718,0.104245
1.842493,0.104284
1.839185,0.104272
1.849431,0.104464
1.841217,0.104488
1.854551,0.104654
1.846713,0.10462
1.860797,0.104753
1.860702,0.104856
1.869035,0.105047
1.871848,0.105149
1.878601,0.105288
1.881647,0.105374
1.882023,0.105565
1.884931,0.105667
1.874083,0.105822
1.885873,0.105796
1.876128,0.105801
1.889855,0.105913
1.880145,0.105938
1.889855,0.106063
1.883519,0.106051
1.892382,0.106167
1.889348,0.106072
1.889783,0.106348
1.898259,0.106278
1.898772,0.106585
1.914853,0.106696
1.903731,0.106633
1.91164,0.106882
1.904118,0.106797
1.916414,0.106943
1.910549,0.107043
1.92135,0.107173
1.917082,0.107172
1.925081,0.107387
1.92368,0.107466
1.929951,0.107589
1.933151,0.107601
1.938713,0.10784
1.944119,0.108054
1.939112,0.108189
1.954526,0.108307
1.944274,0.108408
1.950902,0.108442
1.94031,0.10834
1.947582,0.108674
1.946139,0.108416
1.9463,0.108624
1.945752,0.108752
1.94698,0.108769
1.949495,0.108651
1.944506,0.108798
1.953977,0.108889
1.947784,0.108808
1.9593,0.109103
1.957619,0.109025
1.974767,0.10935
1.972878,0.109396
1.984543,0.109751
1.97919,0.109724
1.984042,0.109838
1.97742,0.109748
1.976544,0.110027
1.975602,0.110015
1.973087,0.109916
1.977021,0.109953
1.973343,0.110003
1.984936,0.110161
1.975042,0.109966
1.985669,0.110176
1.979762,0.110188
1.991427,0.110539
1.988679,0.110457
2.003419,0.110653
2.006131,0.110672
2.00901,0.110915
2.011746,0.110871
2.012795,0.111109
2.017748,0.111259
2.015376,0.111355
2.020782,0.111396
2.010226,0.111434
2.017736,0.11151
2.007574,0.111426
2.020282,0.111688
2.011168,0.111543
2.024263,0.111697
2.020741,0.111697
2.030247,0.111976
2.037561,0.112029
2.040339,0.112213
2.048475,0.112286
2.049899,0.112429
2.056444,0.1127
2.047569,0.112707
2.058536,0.112885
2.048039,0.112946
2.054709,0.113055
2.045852,0.112956
2.056617,0.113081
2.057946,0.112984
2.055615,0.113252
2.053589,0.11325
2.056694,0.113189
2.062684,0.11332
2.059573,0.113455
2.067232,0.113544
2.062267,0.113566
2.070463,0.113664
2.057952,0.113548
2.074564,0.113773
2.066088,0.113612
2.073699,0.113935
2.075416,0.113903
2.082121,0.114057
2.087933,0.114225
2.08931,0.11441
2.09372,0.114382
2.096671,0.114555
2.103567,0.114771
2.09676,0.1148
2.103311,0.114881
2.091515,0.114784
2.099389,0.11504
2.092236,0.114851
2.105331,0.115058
2.101302,0.11506
2.111459,0.115282
2.11519,0.115314
2.111191,0.115424
2.113473,0.115554
2.112675,0.11545
2.116817,0.11564
2.10979,0.115545
2.120262,0.115675
2.107477,0.115556
2.123219,0.115724
2.11674,0.115743
2.122742,0.115978
2.116287,0.115817
2.125007,0.116122
2.124864,0.116179
2.128804,0.116202
2.134085,0.116199
2.135015,0.116286
2.143389,0.116545
2.142674,0.11657
2.153349,0.116865
2.148169,0.116921
2.160877,0.117118
2.150536,0.116951
2.159417,0.117253
2.152401,0.117064
2.156597,0.117418
2.16046,0.117377
2.162987,0.11754
2.17219,0.117618
2.171332,0.117922
2.180886,0.118041
2.173907,0.117962
2.187079,0.118275
2.176756,0.118177
2.189332,0.118357
2.181876,0.118425
2.18755,0.118462
2.179796,0.118471
2.182597,0.118599
2.185106,0.118608
2.180535,0.11861
2.182239,0.118769
2.175218,0.118757
2.184653,0.118775
2.174586,0.11855
2.187008,0.119043
2.182144,0.118815
2.195799,0.118972
2.196896,0.119015
2.209413,0.119335
2.210397,0.119344
2.218252,0.119584
2.21746,0.119595
2.223289,0.119823
2.22283,0.119885
2.219158,0.119929
2.227139,0.120158
2.217621,0.120043
2.231324,0.120333
2.21945,0.120182
2.228063,0.120373
2.221292,0.120269
2.228105,0.120474
2.229106,0.120461
2.233201,0.120587
2.234238,0.120557
2.23766,0.120793
2.246463,0.120927
2.244568,0.120945
2.255851,0.121237
2.247983,0.121159
2.256525,0.121293
2.245218,0.1213
2.25482,0.121511
2.253848,0.121435
2.258706,0.121663
2.257705,0.121556
2.259237,0.121834
2.265233,0.121943
2.260995,0.121804
2.269763,0.122089
2.261424,0.121775
2.274132,0.122088
2.268875,0.122144
2.284467,0.122356
2.279758,0.122397
2.286822,0.122644
2.283967,0.122549
2.286857,0.122754
2.283877,0.12274
2.286196,0.122812
2.292204,0.122975
2.28824,0.122996
2.297473,0.123215
2.291554,0.123209
2.307105,0.123241
2.302808,0.123347
2.311063,0.123574
2.310193,0.123538
2.317554,0.123878
2.320975,0.124022
2.32498,0.124164
2.324283,0.124248
2.322644,0.124157
2.325338,0.124264
2.316535,0.124207
2.324992,0.124428
2.312541,0.124505
2.325255,0.124607
2.31809,0.124586
2.325314,0.124649
2.317089,0.124566
2.327412,0.124636
2.326858,0.124695
2.329516,0.124822
2.335697,0.124937
2.336824,0.12505
2.345145,0.125273
2.34679,0.125233
2.354783,0.125346
2.347857,0.12533
2.361155,0.125551
2.347964,0.125495
2.358079,0.125686
2.350187,0.125693
2.358907,0.125762
2.362543,0.125871
2.369237,0.126125
2.3754,0.126267
2.375829,0.126305
2.380335,0.126564
2.37115,0.126511
2.380019,0.126643
2.365577,0.126435
2.378088,0.126788
2.367616,0.12667
2.382469,0.126798
2.379429,0.126828
2.389574,0.126942
2.396107,0.127198
2.400893,0.12727
2.403593,0.127498
2.397639,0.127413
2.401739,0.127555
2.390683,0.12762
2.398992,0.127643
2.384043,0.127629
2.396786,0.127742
2.388477,0.127583
2.393287,0.127792
2.390993,0.127766
2.397335,0.127777
2.401853,0.127899
2.404499,0.128179
2.409649,0.128134
2.410936,0.128131
2.416843,0.128296
2.415413,0.128203
2.425319,0.128464
2.415216,0.128421
2.424788,0.128639
2.417952,0.128721
2.426791,0.12875
2.424943,0.128717
2.433807,0.128989
2.438712,0.12907
2.440768,0.129167
2.448434,0.129259
2.446151,0.12941
2.455282,0.129524
2.449828,0.129609
2.458906,0.129821
2.446449,0.129808
2.460206,0.129965
2.451992,0.129984
2.460492,0.130185
2.455944,0.130005
2.460176,0.130188
2.461201,0.129977
2.45809,0.130311
2.460814,0.130394
2.46377,0.130503
2.47435,0.130585
2.466607,0.130644
2.485347,0.130841
2.482778,0.130966
2.494097,0.13118
2.486879,0.131301
2.496672,0.131394
2.490753,0.13147
2.491039,0.131638
2.490795,0.131704
2.485675,0.131695
2.494717,0.131657
2.489376,0.13168
2.497679,0.131934
2.495509,0.131945
2.50923,0.132033
2.502966,0.132071
2.513367,0.132259
2.504271,0.132159
2.508837,0.132396
2.504086,0.132345
2.505523,0.13253
2.507472,0.13249
2.505428,0.132478
2.516067,0.132604
2.513498,0.132665
2.527034,0.132812
2.517605,0.132832
2.531004,0.133002
2.531636,0.133071
2.543283,0.133419
2.542561,0.133359
2.546436,0.133618
2.5424,0.133633
2.540052,0.133762
2.543759,0.133726
2.536845,0.133799
2.544671,0.133924
2.5415,0.13389
2.566451,0.13421
2.563423,0.134338
2.575278,0.134505
2.567369,0.134598
2.573192,0.134652
2.565753,0.134889
2.56229,0.134904
2.564961,0.134831
2.557898,0.134845
2.57026,0.135022
2.563715,0.135043
2.573735,0.135238
2.566063,0.135178
2.578896,0.135304
2.57113,0.135264
2.583641,0.135486
2.580667,0.135528
2.588129,0.135681
2.585608,0.13564
2.585965,0.135737
2.592951,0.135744
2.591628,0.136006
2.597922,0.13594
2.591139,0.136011
2.600908,0.136165
2.59279,0.136135
2.604473,0.136344
2.59552,0.136209
2.604109,0.136322
2.600628,0.136278
2.604949,0.136474
2.597356,0.136407
2.603704,0.136571
2.60669,0.136595
2.609187,0.136679
2.61777,0.136811
2.612376,0.136791
2.624333,0.137107
2.618355,0.137057
2.630705,0.137193
2.624404,0.137263
2.640647,0.13754
2.635258,0.137498
2.64228,0.1376
2.638787,0.137734
2.635634,0.137801
2.642715,0.137867
2.647132,0.138065
2.656507,0.138314
2.652937,0.138329
2.665424,0.138412
2.652109,0.138488
2.662957,0.138704
2.653325,0.138662
2.65882,0.138849
2.655274,0.138697
2.659285,0.138941
2.661645,0.138924
2.666193,0.139024
2.671409,0.139238
2.666795,0.139276
2.681136,0.139456
2.676588,0.139519
2.690065,0.13974
2.681208,0.139717
2.691352,0.13983
2.680844,0.139852
2.686483,0.13985
2.67787,0.139952
2.679574,0.139993
2.675563,0.140012
2.678901,0.14001
2.681655,0.140079
2.677804,0.139964
2.686447,0.140222
2.681196,0.140172
2.701569,0.140452
2.699649,0.140467
2.720702,0.140739
2.71911,0.140856
2.72941,0.141016
2.727044,0.141089
2.729672,0.141345
2.725691,0.141368
2.722341,0.141507
2.720398,0.141478
2.716696,0.141595
2.720743,0.14166
2.70977,0.141594
2.718943,0.141707
2.71222,0.141717
2.725804,0.141826
2.716708,0.141663
2.721977,0.141953
2.719665,0.141916
2.728504,0.142017
2.73301,0.142046
2.74033,0.142257
2.751803,0.142445
2.759105,0.142675
2.770382,0.142916
2.761894,0.142872
2.772039,0.143057
2.759182,0.14304
2.763438,0.143299
2.755094,0.143192
2.758324,0.143329
2.756554,0.143433
2.763849,0.143511
2.762741,0.143509
2.763098,0.143525
2.768296,0.143638
2.76646,0.143723
2.770156,0.143782
2.763492,0.143756
2.773029,0.1438
2.76264,0.143627
2.771664,0.14407
2.767336,0.143927
2.779007,0.144045
2.774817,0.144001
2.782971,0.144113
2.791142,0.144162
2.794594,0.144386
2.8,0.144595
2.800661,0.14468
2.811402,0.144777
2.808422,0.144799
2.81471,0.145094
2.808201,0.145149
2.823001,0.14533
2.813733,0.145303
2.817202,0.145424
2.812105,0.14544
2.815199,0.145569
2.818352,0.145644
2.814901,0.145664
2.817941,0.145705
2.810651,0.145701
2.820176,0.145811
2.810234,0.145832
2.819294,0.145837
2.816361,0.145924
2.830172,0.146201
2.830929,0.146313
2.842641,0.146477
2.845889,0.146493
2.850431,0.146712
2.852684,0.146806
2.850282,0.146832
2.852762,0.146938
2.850324,0.147053
2.859044,0.14705
2.84487,0.14713
2.857029,0.147202
2.845442,0.147094
2.858734,0.147443
2.848947,0.147299
2.855605,0.147369
2.852809,0.147436
2.856892,0.14758
2.858663,0.147581
2.857488,0.1477
2.865303,0.1478
2.868432,0.147847
2.876806,0.147946
2.866602,0.147933
2.879834,0.148249
2.867943,0.148073
2.879274,0.148237
2.869779,0.148253
2.881318,0.148395
2.881271,0.148377
2.885354,0.148583
2.889931,0.148675
2.889705,0.148683
2.895659,0.148831
2.888453,0.148751
2.903783,0.149041
2.892858,0.148906
2.904779,0.149105
2.89607,0.149174
2.906185,0.1492
2.896661,0.149235
2.908874,0.149423
2.907842,0.149444
2.906597,0.149583
2.912784,0.149721
2.911794,0.149764
2.922773,0.149888
2.91906,0.149993
2.932262,0.150176
2.921408,0.150155
2.928245,0.150113
2.923709,0.150249
2.9338,0.150545
2.928102,0.150339
2.929825,0.150588
2.926636,0.150525
2.924752,0.150625
2.92694,0.150688
2.922803,0.15077
2.929127,0.150793
2.924758,0.150791
2.93017,0.150821
2.924842,0.150844
2.93479,0.151018
2.92843,0.150872
2.9423,0.151117
2.940112,0.151259
2.94776,0.151182
2.948225,0.1514
2.956069,0.151493
2.959758,0.15162
2.961594,0.151789
2.968383,0.151861
2.969968,0.152016
2.979952,0.152065
2.970904,0.152205
2.978623,0.152311
2.971607,0.152235
2.983713,0.152547
2.977741,0.152633
2.986848,0.152717
2.983505,0.152758
2.984011,0.152864
2.976787,0.152984
2.977353,0.152842
2.977061,0.152865
2.971822,0.152951
2.98177,0.153119
2.972019,0.153071
2.986592,0.153253
2.98481,0.153279
3.003544,0.153424
3.002352,0.153589
3.016829,0.153866
3.016859,0.153822
3.024888,0.154085
3.019542,0.154167
3.018385,0.154284
3.02099,0.154339
3.010195,0.154325
3.018683,0.154336
3.005141,0.154336
3.013831,0.154487
3.005224,0.154428
3.023201,0.154707
3.017116,0.154651
3.025752,0.154836
3.028774,0.154915
3.032786,0.154935
3.037781,0.155053
3.042608,0.155233
3.051263,0.155344
3.0478,0.155537
3.058958,0.155615
3.046495,0.155685
3.055704,0.155729
3.040147,0.155752
3.048182,0.155942
3.044784,0.155776
3.052592,0.15603
3.060567,0.156114
3.066927,0.156269
3.070998,0.156384
3.076315,0.156609
3.086507,0.156743
3.080618,0.156905
3.085035,0.157041
3.073597,0.157064
3.083533,0.15713
3.076303,0.157248
3.086019,0.157325
3.083199,0.157349
3.093326,0.157562
3.088576,0.157596
3.102952,0.157836
3.106296,0.157948
3.106934,0.157912
3.109097,0.157941
3.104794,0.158236
3.113371,0.158339
3.104961,0.158348
3.11532,0.158461
3.104275,0.158429
3.111058,0.158562
3.104514,0.15857
3.111392,0.158747
3.107917,0.158765
3.113097,0.15886
3.109682,0.158786
3.112364,0.158919
3.120404,0.158905
3.120947,0.159085
3.131878,0.159301
3.123736,0.159191
3.137541,0.159374
3.136444,0.159443
3.151494,0.159789
3.146815,0.159649
3.153068,0.160041
3.145999,0.159874
3.146982,0.160114
3.142589,0.160056
3.14126,0.16014
3.144705,0.160208
3.141922,0.160219
3.154391,0.160219
3.150576,0.16026
3.159904,0.16049
3.156662,0.160633
3.17229,0.160867
3.166819,0.160805
3.17663,0.161123
3.169382,0.160937
3.171784,0.161076
3.16835,0.161213
3.171223,0.161186
3.170288,0.161391
3.165483,0.161358
3.170508,0.161362
3.163832,0.161378
3.175777,0.161562
3.163844,0.161438
3.182244,0.161633
3.175992,0.161707
3.187615,0.161866
3.186953,0.161845
3.196162,0.162045
3.199589,0.162064
3.199106,0.162334
3.201926,0.162226
3.199148,0.162329
3.206682,0.162536
3.200179,0.162522
3.215891,0.162745
3.205884,0.162792
3.221369,0.16288
3.222102,0.162969
3.230757,0.163263
3.229439,0.163306
3.232223,0.163486
3.227401,0.163551
3.226459,0.163789
3.229553,0.163671
3.222042,0.163827
3.230506,0.163763
3.223169,0.163744
3.230029,0.163967
3.221995,0.16394
3.237092,0.164163
3.233731,0.164086
3.247285,0.16427
3.246588,0.164302
3.253984,0.164539
3.249598,0.164561
3.249395,0.164635
3.249025,0.164735
3.245753,0.164613
3.25104,0.164819
3.25048,0.164893
3.254902,0.164946
3.245759,0.164846
3.259242,0.165089
3.259283,0.165342
3.271669,0.165485
3.273815,0.165474
3.281891,0.165575
3.282583,0.165638
3.2785,0.165866
3.282088,0.165926
3.272849,0.165752
3.280616,0.166038
3.273392,0.166034
3.287959,0.166253
3.277248,0.166291
3.292477,0.166386
3.284627,0.16634
3.294271,0.166495
3.292114,0.166585
3.299356,0.166604
3.294975,0.16669
3.289962,0.166667
3.289455,0.166827
3.283542,0.166905
3.293008,0.166865
3.283685,0.16684
3.29352,0.166956
3.290802,0.167037
3.301048,0.167226
3.295022,0.167092
3.303903,0.167398
3.2978,0.167173
3.308833,0.167347
3.312409,0.167497
3.315544,0.167676
3.322321,0.167772
3.31738,0.167802
3.327113,0.167826
3.318119,0.167857
3.332168,0.168091
3.322226,0.167987
3.330886,0.16823
3.322554,0.168069
3.329861,0.168299
3.325796,0.168288
3.3324,0.168381
3.335726,0.168565
3.338748,0.168652
3.349775,0.168801
3.34878,0.168714
3.35893,0.169023
3.351152,0.169009
3.360254,0.169281
3.353041,0.169217
3.35902,0.169362
3.354836,0.169346
3.360939,0.169593
3.360063,0.169547
3.362715,0.169672
3.360701,0.16973
3.361487,0.169849
3.36709,0.17002
3.36296,0.169946
3.370219,0.170115
3.366363,0.170149
3.374791,0.170254
3.368974,0.170329
3.382039,0.170457
3.379202,0.170523
3.395033,0.170762
3.392094,0.170695
3.39579,0.170946
3.394842,0.170951
3.393298,0.171032
3.396517,0.171131
3.384,0.171054
3.397614,0.17134
3.389788,0.171303
3.395128,0.17141
3.384525,0.171294
3.396964,0.171508
3.39061,0.171485
3.407085,0.171685
3.403401,0.171749
3.406245,0.171869
3.410304,0.171813
3.410834,0.171972
3.417856,0.172161
3.412652,0.172079
3.424418,0.172296
3.416443,0.172258
3.425664,0.172525
3.422409,0.172482
3.432262,0.172743
3.429627,0.172626
3.450686,0.17312
3.459233,0.173136
3.463179,0.173448
3.454244,0.173468
3.444332,0.173585
3.442466,0.173529
3.433132,0.173589
3.441364,0.173548
3.429687,0.173633
3.439963,0.173771
3.439498,0.173804
3.449082,0.174017
3.442359,0.17395
3.450358,0.174122
3.447491,0.173979
3.453457,0.174155
3.458089,0.174165
3.458947,0.174261
3.464073,0.174379
3.455615,0.174397
3.464729,0.174534
3.46244,0.174514
3.473628,0.174712
3.475606,0.174769
3.491181,0.175057
3.493786,0.175148
3.498983,0.175324
3.492785,0.175457
3.497338,0.175574
3.49679,0.175615
3.492886,0.175806
3.492641,0.17579
3.489769,0.175736
3.497994,0.175957
3.487974,0.175821
3.498721,0.176047
3.49012,0.176063
3.504735,0.176127
3.501493,0.176231
3.513515,0.176354
3.512532,0.176398
3.520161,0.176689
3.525996,0.176699
3.528827,0.176836
3.52934,0.176973
3.525621,0.17702
3.532779,0.177219
3.52143,0.17712
3.528601,0.177368
3.516239,0.177156
3.526396,0.177484
3.517973,0.177373
3.531295,0.177519
3.519064,0.177542
3.524822,0.177589
3.525048,0.177549
3.529149,0.177636
3.538835,0.177835
3.540397,0.177994
3.551817,0.178144
3.54718,0.178082
3.563142,0.178322
3.55196,0.178275
3.564966,0.178462
3.556037,0.17855
3.567922,0.178754
3.561199,0.178705
3.563094,0.178933
3.557509,0.178889
3.55714,0.178945
3.560567,0.179019
3.556639,0.179095
3.568077,0.179112
3.560185,0.179173
3.571242,0.179355
3.566372,0.17928
3.581393,0.17951
3.570843,0.179531
3.582704,0.179625
3.578889,0.179715
3.584343,0.179858
3.586882,0.179859
3.589529,0.179974
3.589416,0.18013
3.589946,0.180059
3.601766,0.180303
3.606617,0.180334
3.618151,0.18073
3.613394,0.180701
3.618842,0.180884
3.604054,0.180752
3.609097,0.181006
3.600848,0.180974
3.60949,0.18112
3.60477,0.181081
3.604919,0.181222
3.607965,0.181266
3.601086,0.181224
3.602713,0.181343
3.59748,0.181222
3.604674,0.181377
3.598833,0.181375
3.609639,0.181499
3.604954,0.181394
3.616118,0.181721
3.617555,0.181635
3.636909,0.181958
3.641832,0.182005
3.647768,0.182234
3.65063,0.18227
3.651607,0.182454
3.655183,0.182467
3.647876,0.182584
3.650367,0.182768
3.642398,0.182722
3.654349,0.182873
3.649038,0.182806
3.658569,0.183005
3.65265,0.183122
3.658533,0.183186
3.656834,0.183263
3.661478,0.183439
3.664577,0.183346
3.667778,0.183501
3.674495,0.183678
3.667206,0.183743
3.677249,0.18395
3.676409,0.183817
3.691792,0.184117
3.683507,0.184132
3.686333,0.184304
3.676617,0.184228
3.681487,0.184402
3.676927,0.184483
3.682941,0.184409
3.681195,0.184563
3.683615,0.184562
3.688568,0.184764
3.686047,0.184735
3.698796,0.185152
3.70304,0.185115
3.72436,0.185236
3.717667,0.185345
3.724277,0.185587
3.713071,0.185592
3.715986,0.185741
3.709447,0.185727
3.708094,0.185849
3.706872,0.185848
3.700721,0.185843
3.708696,0.185957
3.705025,0.185996
3.710961,0.186103
3.71173,0.186055
3.721738,0.186274
3.71846,0.186219
3.737795,0.186634
3.729397,0.186507
3.740406,0.186785
3.736877,0.186648
3.739464,0.186761
3.737921,0.186865
3.740799,0.186961
3.740937,0.186944
3.738934,0.187039
3.747356,0.187302
3.736734,0.187105
3.747016,0.187415
3.740764,0.187334
3.749067,0.187465
3.7494,0.18753
3.759682,0.18773
3.761625,0.187674
3.770655,0.187923
3.769571,0.188013
3.769827,0.188049
3.76839,0.188161
3.76628,0.18816
3.773975,0.188315
3.767383,0.188448
3.782177,0.18849
3.773069,0.188507
3.787827,0.188806
3.784662,0.188871
3.793007,0.189016
3.792018,0.189144
3.797227,0.189342
3.794438,0.189362
3.793687,0.189515
3.791177,0.189364
3.786021,0.189367
3.792554,0.189577
3.783703,0.189544
3.791481,0.189673
3.782183,0.189622
3.790909,0.189708
3.783536,0.189667
3.794163,0.189831
3.790337,0.189888
3.800154,0.189973
3.805101,0.190127
3.811985,0.190312
3.823173,0.190433
3.823084,0.190357
3.82809,0.190659
3.819472,0.190596
3.827518,0.191001
3.828573,0.190832
3.840148,0.191081
3.834397,0.19117
3.846699,0.191353
3.837854,0.191313
3.840345,0.191546
3.83321,0.191484
3.83485,0.191529
3.835744,0.191572
3.831387,0.191604
3.838098,0.191752
3.832883,0.191817
3.845322,0.191955
3.835499,0.191787
3.847986,0.192008
3.843629,0.192037
3.852475,0.192201
3.852445,0.192242
3.859299,0.192343
3.860617,0.192288
3.866351,0.192557
3.870577,0.192684
3.86517,0.192678
3.872859,0.192824
3.861493,0.192876
3.874642,0.193075
3.867704,0.193023
3.883034,0.193174
3.877372,0.193326
3.889138,0.193502
3.880686,0.193575
3.887916,0.193646
3.879899,0.193654
3.883785,0.193698
3.878158,0.193765
3.877914,0.193849
3.881633,0.193872
3.872758,0.193844
3.884357,0.193909
3.872877,0.193908
3.886628,0.194092
3.877807,0.194072
3.893024,0.194287
3.894037,0.194304
3.911972,0.194567
3.91953,0.194707
3.926319,0.194861
3.925705,0.194926
3.935951,0.195226
3.934973,0.195229
3.925925,0.19537
3.92884,0.195468
3.915459,0.195304
3.925312,0.195532
3.915054,0.195594
3.921789,0.195697
3.913432,0.195681
3.929561,0.195801
3.928268,0.195849
3.93889,0.196098
3.940034,0.196069
3.942347,0.196213
3.954786,0.196326
3.954583,0.196481
3.964925,0.196763
3.955483,0.196666
3.96629,0.196911
3.955513,0.196939
3.965372,0.197124
3.959,0.197138
3.967035,0.197212
3.964406,0.197245
3.963566,0.197405
3.96505,0.197552
3.962427,0.197628
3.962952,0.197527
3.95897,0.197396
3.9635,0.197582
3.954607,0.197558
3.967339,0.197858
3.961456,0.197761
3.971058,0.198003
3.963375,0.197788
3.971601,0.197946
3.965259,0.197918
3.970867,0.198192
3.97523,0.198249
3.977811,0.198257
3.984952,0.198441
3.987902,0.198469
3.993964,0.198699
3.987288,0.198609
3.999358,0.198733
3.997552,0.198892
4.013199,0.199117
4.011244,0.199106
4.032534,0.199421
4.032201,0.199559
4.034382,0.19977
4.027313,0.199826
4.026037,0.199935
4.023033,0.200164
4.01091,0.199905
4.013878,0.2001
4.001594,0.199933
4.011023,0.200096
4.001039,0.200078
4.011691,0.200247
4.004139,0.200147
4.014438,0.200346
4.008019,0.200227
4.017967,0.200453
4.016596,0.200364
4.023778,0.200574
4.031008,0.200654
4.034007,0.200695
4.049218,0.200925
4.047114,0.201059
4.054904,0.20119
4.048276,0.201238
4.061151,0.201336
4.048061,0.201349
4.060525,0.201624
4.060847,0.201702
4.066521,0.201824
4.062992,0.201673
4.068166,0.201954
4.069996,0.202009
4.064745,0.202077
4.071051,0.202197
4.059029,0.202127
4.068714,0.202259
4.062444,0.202256
4.070175,0.20234
4.062128,0.202335
4.073799,0.202604
4.066879,0.202564
4.07396,0.202679
4.071105,0.202653
4.071987,0.202722
4.078895,0.202706
4.073632,0.202814
4.087812,0.203099
4.08029,0.203067
4.090214,0.203212
4.079556,0.203172
4.086703,0.20337
4.077357,0.203306
4.091841,0.203522
4.088247,0.203345
4.096448,0.203525
4.098332,0.203554
4.102451,0.203723
4.108763,0.203899
4.10682,0.203984
4.10974,0.204029
4.104882,0.204062
4.10744,0.204175
4.098886,0.204045
4.108351,0.204336
4.098672,0.204234
4.10862,0.204356
4.10623,0.204368
4.115272,0.204615
4.125285,0.204657
4.134911,0.204839
4.135197,0.204942
4.133242,0.204971
4.139555,0.205302
4.134375,0.205249
4.137325,0.205166
4.125619,0.205156
4.134911,0.205385
4.127425,0.205329
4.140043,0.205613
4.135245,0.205486
4.150796,0.205812
4.154974,0.205891
4.170537,0.206137
4.168028,0.206048
4.168642,0.206362
4.169947,0.206398
4.17217,0.20651
4.175669,0.206634
4.171997,0.206805
4.177576,0.206987
4.167372,0.206885
4.171127,0.207
4.166609,0.207034
4.174149,0.207215
4.164982,0.207256
4.171902,0.207349
4.164642,0.207322
4.166114,0.207354
4.16593,0.207344
4.160506,0.207555
4.167581,0.207511
4.158294,0.207436
4.16916,0.207646
4.163218,0.207557
4.176021,0.2078
4.174048,0.207814
4.187369,0.208002
4.188269,0.207953
4.195505,0.208143
4.193687,0.208193
4.203951,0.208334
4.206979,0.208401
4.210943,0.208603
4.215938,0.208729
4.21136,0.2088
4.224515,0.208951
4.222184,0.208965
4.233468,0.209093
4.221326,0.209143
4.228157,0.209253
4.210901,0.20931
4.213601,0.209414
4.209137,0.209305
4.214609,0.209476
4.21657,0.209533
4.212141,0.209656
4.217798,0.209702
4.21741,0.209833
4.225177,0.209828
4.219264,0.20974
4.232609,0.209957
4.231262,0.209923
4.243869,0.210206
4.242951,0.210202
4.253703,0.210366
4.242122,0.210387
4.246515,0.210489
4.245096,0.210499
4.238784,0.21057
4.247612,0.210677
4.243809,0.21084
4.249269,0.210734
4.240954,0.210876
4.25474,0.211004
4.244572,0.21098
4.252744,0.211127
4.247838,0.211054
4.26144,0.211268
4.265809,0.211401
4.28952,0.211692
4.294002,0.211781
4.293776,0.211944
4.29576,0.212034
4.283702,0.2121
4.284811,0.212305
4.270917,0.212154
4.279113,0.212311
4.269338,0.212375
4.27947,0.212419
4.269546,0.212327
4.283679,0.212499
4.278421,0.212532
4.285181,0.212717
4.287487,0.212769
4.295266,0.212991
4.30609,0.213031
4.304326,0.213161
4.30851,0.213247
4.297465,0.213269
4.305565,0.213385
4.302043,0.213363
4.313135,0.213499
4.304892,0.213533
4.312605,0.213827
4.305977,0.21378
4.319215,0.213838
4.320127,0.213909
4.319221,0.214074
4.318255,0.214119
4.317087,0.214148
4.324639,0.214235
4.325551,0.214313
4.335159,0.214464
4.32846,0.214517
4.339951,0.214673
4.333919,0.214663
4.338753,0.214826
4.330689,0.214706
4.336631,0.214918
4.334879,0.214898
4.337299,0.215064
4.338795,0.215119
4.338557,0.215147
4.344803,0.21542
4.341525,0.215363
4.346609,0.215346
4.340094,0.215413
4.351121,0.215584
4.343808,0.215527
4.354322,0.215746
4.347771,0.215651
4.355675,0.21596
4.356259,0.215847
4.366249,0.216149
4.366058,0.216188
4.374838,0.216204
4.372668,0.216363
4.370117,0.216348
4.376435,0.216439
4.366964,0.216425
4.372168,0.216626
4.360318,0.216573
4.36542,0.216578
4.359323,0.21665
4.369551,0.216637
4.366326,0.21682
4.373813,0.216911
4.378498,0.217032
4.380184,0.217097
4.385513,0.217257
4.387075,0.217227
4.40017,0.217451
4.40473,0.217542
4.419035,0.21786
4.412585,0.217857
4.422164,0.21802
4.410547,0.218029
4.418516,0.218266
4.414135,0.218294
4.418772,0.218471
4.417187,0.218429
4.415911,0.218513
4.420441,0.218731
4.415703,0.21877
4.426169,0.218846
4.416633,0.218902
4.425281,0.219027
4.414034,0.218891
4.420596,0.219137
4.412568,0.219142
4.418457,0.219275
4.412144,0.219191
4.416233,0.219175
4.422796,0.219236
4.425347,0.219328
4.43731,0.219644
4.437083,0.219685
4.448199,0.219729
4.449069,0.219883
4.462075,0.220128
4.457116,0.22013
4.46561,0.220455
4.463565,0.220396
4.476291,0.220663
4.471403,0.220588
4.470396,0.220921
4.465866,0.220933
4.467082,0.220965
4.473239,0.221071
4.465407,0.221026
4.473144,0.221281
4.464203,0.221251
4.478621,0.221454
4.470259,0.221459
4.488689,0.221688
4.486376,0.221683
4.49183,0.221957
4.485935,0.221901
4.487932,0.221987
4.48674,0.22198
4.484648,0.222118
4.488057,0.22219
4.481828,0.222252
4.488713,0.222251
4.479635,0.222327
4.491442,0.222507
4.483014,0.222461
4.496884,0.222644
4.491425,0.222571
4.501718,0.222707
4.49723,0.222784
4.50573,0.222842
4.511863,0.223026
4.512078,0.223127
4.521555,0.223263
4.516804,0.223334
4.530895,0.22348
4.526287,0.223419
4.531807,0.223681
4.526848,0.223677
4.535967,0.223925
4.530054,0.22387
4.537016,0.224052
4.530865,0.224071
4.531449,0.224249
4.528147,0.224176
4.532844,0.224259
4.539883,0.224393
4.540539,0.224551
4.556566,0.224725
4.556501,0.224858
4.570967,0.225165
4.559714,0.225019
4.568005,0.22526
4.557836,0.225199
4.564303,0.225493
4.558587,0.225478
4.561174,0.225526
4.559892,0.2256
4.555643,0.225506
4.557848,0.225654
4.547238,0.22562
4.556942,0.225813
4.546446,0.225722
4.556203,0.225883
4.546034,0.225872
4.563558,0.226066
4.556179,0.226036
4.569167,0.226062
4.572099,0.226209
4.583204,0.226291
4.583013,0.226366
4.59103,0.226685
4.598755,0.226812
4.596353,0.22681
4.601717,0.226996
4.595995,0.226998
4.602194,0.227232
4.589236,0.22708
4.59615,0.227249
4.586077,0.227086
4.591638,0.227274
4.584306,0.227391
4.586428,0.227474
4.584718,0.227272
4.586279,0.227483
4.595435,0.227575
4.598355,0.227703
4.609925,0.227808
4.607242,0.227898
4.620641,0.228002
4.617274,0.228027
4.635721,0.228228
4.636103,0.228414
4.642284,0.228543
4.637235,0.228501
4.643494,0.228926
4.641068,0.228887
4.639548,0.228955
4.637039,0.22902
4.631835,0.229057
4.637671,0.229259
4.62575,0.229071
4.634386,0.22933
4.619431,0.229251
4.633778,0.229279
4.629171,0.229446
4.643703,0.22954
4.644567,0.229544
4.648584,0.229702
4.647434,0.229746
4.648948,0.229872
4.659361,0.229964
4.652697,0.230003
4.669297,0.230245
4.662728,0.230199
4.67881,0.230432
4.673153,0.230491
4.680991,0.230754
4.672503,0.230656
4.686403,0.23086
4.676121,0.230787
4.678637,0.231024
4.67484,0.230981
4.67689,0.231152
4.681242,0.231225
4.678071,0.231491
4.68626,0.231369
4.676163,0.231323
4.686981,0.23161
4.683739,0.231526
4.699814,0.231795
4.697573,0.231975
4.713577,0.232049
4.710937,0.23204
4.718184,0.232377
4.71549,0.23248
4.710448,0.232556
4.71155,0.232458
4.70646,0.2326
4.710472,0.23277
4.703522,0.232732
4.710186,0.232839
4.695386,0.232831
4.708189,0.232966
4.698098,0.232939
4.708904,0.233126
4.702836,0.233099
4.711372,0.233132
4.708678,0.233223
4.710889,0.233288
4.71589,0.233295
4.715371,0.23328
4.723835,0.233602
4.717743,0.233572
4.727632,0.233667
4.719019,0.23368
4.735214,0.23394
4.730558,0.233735
4.754925,0.234128
4.756492,0.234225
4.76045,0.234486
4.757833,0.234251
4.758292,0.2346
4.759222,0.234566
4.753792,0.234707
4.755729,0.234865
4.741532,0.234838
4.74894,0.234889
4.74115,0.234919
4.75508,0.235004
4.746825,0.235082
4.752594,0.235187
4.748803,0.235067
4.753727,0.235339
4.756284,0.235186
4.755747,0.23543
4.759181,0.235413
4.755872,0.235445
4.760963,0.235625
4.761291,0.235576
4.775679,0.235767
4.770696,0.235739
4.783189,0.235998
4.776031,0.236026
4.785752,0.236163
4.779482,0.236062
4.787076,0.236325
4.790312,0.236385
4.799289,0.236492
4.807383,0.236547
4.806769,0.236778
4.818666,0.237053
4.812521,0.237119
4.817128,0.237202
4.80929,0.237225
4.818404,0.237581
4.809862,0.237355
4.81028,0.237557
4.798651,0.237319
4.80265,0.237686
4.798132,0.237573
4.799491,0.237721
4.799521,0.237809
4.79517,0.237793
4.80454,0.23784
4.799652,0.237899
4.810983,0.23799
4.806834,0.237952
4.819709,0.238284
4.815024,0.238184
4.8334,0.238413
4.829872,0.238493
4.839104,0.238665
4.844922,0.238623
4.850906,0.238853
4.848504,0.238962
4.850149,0.238892
4.854083,0.23913
4.851413,0.239295
4.860556,0.239463
4.852647,0.239461
4.86176,0.239584
4.847866,0.239568
4.852915,0.239721
4.851323,0.239796
4.853106,0.239851
4.850465,0.239799
4.853803,0.23999
4.850191,0.240042
4.854721,0.240147
4.85884,0.240091
4.853135,0.240216
4.863161,0.24023
4.863405,0.240291
4.880112,0.240558
4.874039,0.240582
4.885143,0.240856
4.878843,0.240818
4.888314,0.240983
4.878044,0.240995
4.881364,0.241123
4.88075,0.24119
4.87954,0.241193
4.882181,0.241279
4.880309,0.24136
4.893017,0.241498
4.889119,0.241504
4.910576,0.241653
4.901302,0.24176
4.916167,0.241956
4.910117,0.241944
4.916674,0.242087
4.913867,0.242175
4.9142,0.242315
4.916131,0.242383
4.913229,0.242552
4.910731,0.242595
4.899204,0.242587
4.908407,0.242698
4.901701,0.242638
4.914308,0.242834
4.902554,0.242821
4.92118,0.243011
4.913634,0.242993
4.916692,0.243138
4.913735,0.24308
4.916686,0.243315
4.915816,0.243182
4.916346,0.243401
4.920608,0.243235
4.921585,0.243402
4.933101,0.243589
4.936063,0.243694
4.951388,0.243878
4.949415,0.244088
4.964888,0.244124
4.962444,0.244212
4.970741,0.244474
4.967016,0.244501
4.964036,0.244718
4.9591,0.244632
4.956734,0.244795
4.958367,0.244834
4.955679,0.244901
4.958361,0.244967
4.954231,0.245
4.962742,0.245126
4.956609,0.245077
4.967725,0.245324
4.957706,0.245215
4.966098,0.245432
4.9613,0.245398
4.966211,0.245624
4.968452,0.245591
4.971129,0.24576
4.973578,0.245683
4.973888,0.245844
4.985237,0.245964
4.982084,0.246001
4.990983,0.246102
4.982275,0.246068
4.993194,0.246446
4.983491,0.246288
4.99149,0.246428
4.986459,0.246453
4.997063,0.246588
4.995137,0.246565
5.030102,0.2471
5.068421,0.247456
5.081248,0.248146
5.07955,0.248539
5.063748,0.248852
5.064845,0.248936
5.048412,0.249049
5.047286,0.24927
5.030859,0.249098
5.036104,0.249286
5.020851,0.24915
5.02044,0.249315
5.012608,0.249225
5.010706,0.249317
5.00859,0.249283
5.001467,0.249257
5.002981,0.249301
4.994398,0.249323
4.998636,0.249343
4.991776,0.249378
4.998988,0.249414
4.989147,0.249439
4.997432,0.249537
4.986918,0.249449
4.992318,0.249445
4.984409,0.249475
4.986274,0.249463
4.987484,0.249424
4.985404,0.249446
4.988182,0.249441
4.981202,0.249512
4.988283,0.249548
4.976153,0.249534
4.985768,0.249559
4.97632,0.24942
4.985392,0.249535
4.977059,0.249575
4.981357,0.249584
4.974329,0.249528
4.980814,0.249676
4.975963,0.249599
4.975456,0.249608
4.975718,0.249588
4.97098,0.249535
4.97514,0.249686
4.964918,0.249588
4.974347,0.24962
4.965049,0.249618
4.974592,0.2497
4.961622,0.249524
4.964268,0.249631
4.956746,0.249476
4.962957,0.249649
4.963005,0.249568
4.96161,0.249731
4.963517,0.249641
4.962546,0.249574
4.967934,0.249688
4.95919,0.2497
4.967833,0.249777
4.956484,0.249613
4.965502,0.249681
4.957122,0.249704
4.963535,0.249718
4.955435,0.249577
4.95767,0.249741
4.954731,0.249734
4.952884,0.249562
4.953682,0.249666
4.947436,0.249716
4.954565,0.249742
4.943132,0.249557
4.951125,0.249713
4.93989,0.24958
4.94957,0.249794
4.940426,0.249564
4.948145,0.249714
4.94104,0.24958
4.943728,0.249673
4.940104,0.249678
4.943228,0.249761
4.942626,0.249662
4.94113,0.249749
4.94594,0.249782
4.939049,0.249647
4.945195,0.249656
4.934913,0.249606
4.941326,0.249671
4.932004,0.249639
4.940981,0.249739
4.928976,0.249607
4.938293,0.249685
4.930574,0.249702
4.936486,0.24972
4.937112,0.24964
4.936612,0.249785
4.938257,0.249611
4.933709,0.249758
4.943132,0.249792
4.934591,0.249709
4.943532,0.249735
4.935807,0.249747
4.948169,0.249805
4.813433,0.250739
4.820532,0.250793
4.806387,0.25068
4.815716,0.250721
4.80262,0.250626
4.809994,0.250642
4.800528,0.250572
4.809558,0.250694
4.795486,0.250564
4.802084,0.250589
4.7961,0.250503
4.792547,0.250579
4.786861,0.250451
4.779899,0.250495
4.783767,0.25041
4.777253,0.250331
4.778916,0.250422
4.766238,0.250281
4.764843,0.250389
4.74838,0.250228
4.755908,0.250395
4.744279,0.250177
4.752201,0.25034
4.738796,0.25008
4.738796,0.250234
4.727954,0.250206
4.731423,0.250128
4.726362,0.250125
4.719931,0.250123
4.718727,0.250025
4.70947,0.249905
4.711914,0.249995
4.701865,0.24994
4.704303,0.249959
4.689968,0.249856
4.695791,0.249945
4.685831,0.249815
4.689288,0.249863
4.682839,0.249749
4.682589,0.249846
4.671991,0.249738
4.669428,0.249684
4.663622,0.24968
4.658651,0.249692
4.655123,0.249584
4.645526,0.249607
4.647112,0.249553
4.636371,0.249476
4.636067,0.249461
4.623377,0.249438
4.626966,0.249571
4.614884,0.249442
4.617238,0.249528
4.607135,0.24923
4.606891,0.249353
4.595828,0.249252
4.594618,0.249231
4.582357,0.249139
4.580289,0.249271
4.575622,0.249093
4.570913,0.249057
4.572439,0.249116
4.562104,0.249092
4.569083,0.249163
4.56031,0.24893
4.565173,0.248997
4.552549,0.248927
4.558426,0.248917
4.546756,0.248841
4.549891,0.24899
4.54461,0.248835
4.543018,0.24886
4.534346,0.248854
4.533982,0.248852
4.527259,0.248787
4.519194,0.248762
4.51386,0.248687
4.508883,0.248647
4.510671,0.248659
4.495889,0.248478
4.499441,0.248536
4.485226,0.248449
4.490995,0.248494
4.481447,0.248433
4.484624,0.248452
4.473943,0.248406
4.48007,0.248436
4.468179,0.248357
4.467893,0.248349
4.459816,0.248337
4.4568,0.248289
4.458958,0.248288
4.449683,0.248224
4.450357,0.248264
4.438931,0.248172
4.446918,0.248273
4.429334,0.248154
4.43297,0.248193
4.415041,0.247955
4.413682,0.248031
4.399973,0.247905
4.405218,0.247883
4.39567,0.24791
4.39204,0.247972
4.388094,0.247855
4.38773,0.247958
4.383886,0.247881
4.376096,0.247769
4.379141,0.247798
4.364413,0.247718
4.370493,0.247721
4.360628,0.247713
4.363,0.247559
4.347646,0.247475
4.349118,0.247479
4.333943,0.247496
4.32902,0.2475
4.310304,0.247262
4.305929,0.247266
4.289138,0.247147
4.279238,0.247096
4.267317,0.246976
4.2566,0.246836
4.253769,0.246955
4.247373,0.246757
4.248959,0.246923
4.231727,0.246728
4.240727,0.246743
4.223394,0.246613
4.23215,0.246789
4.218328,0.246651
4.218006,0.24663
4.204458,0.246611
4.194057,0.24659
4.18008,0.246357
4.165411,0.246314
4.15135,0.246264
4.137635,0.24604
4.133141,0.246166
4.121578,0.245953
4.12482,0.246014
4.101306,0.245786
4.099435,0.245853
4.076296,0.245605
4.078752,0.245679
4.059297,0.245546
4.059261,0.24556
4.048085,0.2455
4.044557,0.245369
4.035556,0.245346
4.026097,0.245284
4.021412,0.245192
4.010016,0.245137
4.008305,0.245091
3.994584,0.24506
3.990412,0.245081
3.973174,0.244909
3.969061,0.244874
3.950697,0.244785
3.954661,0.24474
3.944659,0.244687
3.950578,0.244838
3.937906,0.244696
3.941464,0.244631
3.929144,0.244656
3.926063,0.244618
3.914249,0.244337
3.897691,0.2444
3.887439,0.244355
3.870958,0.244203
3.871429,0.244219
3.858125,0.244047
3.86014,0.244165
3.850925,0.244076
3.853148,0.244089
3.836524,0.243954
3.838336,0.243918
3.820521,0.243873
3.820086,0.243766
3.814745,0.243694
3.811866,0.243746
3.804493,0.243652
3.794473,0.243658
3.791875,0.243592
3.776783,0.243512
3.770941,0.243425
3.753513,0.243259
3.757155,0.243427
3.741235,0.243187
3.744107,0.243147
3.732467,0.243101
3.734881,0.243149
3.722924,0.243017
3.723812,0.243159
3.709668,0.242964
3.707224,0.242985
3.696227,0.242839
3.685749,0.242729
3.680134,0.242749
3.665125,0.242743
3.658909,0.242551
3.633875,0.242476
3.630322,0.242399
3.618777,0.242186
3.62463,0.242324
3.61563,0.242222
3.621435,0.242397
3.613919,0.242239
3.615975,0.242365
3.611535,0.242192
3.612196,0.242214
3.60716,0.242206
3.601235,0.24215
3.597337,0.242124
3.58687,0.242037
3.581256,0.241901
3.556699,0.241909
3.549731,0.241789
3.528225,0.241584
3.530204,0.24174
3.511137,0.241563
3.514594,0.241454
3.49828,0.241271
3.501618,0.241307
3.490865,0.241278
3.48624,0.241205
3.480601,0.241281
3.468579,0.241046
3.45943,0.24101
3.438407,0.240993
3.431129,0.24091
3.4118,0.24066
3.410053,0.240713
3.398305,0.240569
3.401792,0.240602
3.392023,0.240483
3.393453,0.240489
3.375655,0.240422
3.377789,0.240576
3.364807,0.240332
3.36715,0.240299
3.360665,0.240299
3.360653,0.240357
3.358155,0.240356
3.346765,0.240241
3.347081,0.240139
3.335327,0.239998
3.332591,0.240176
3.312576,0.23986
3.313291,0.239885
3.297615,0.239808
3.297895,0.239874
3.281546,0.239634
3.280437,0.239785
3.268826,0.239568
3.267074,0.239558
3.25582,0.239353
3.252304,0.239454
3.246218,0.239366
3.234994,0.239277
3.233981,0.239234
3.219491,0.2392
3.222185,0.239152
3.204238,0.239015
3.209764,0.239097
3.200215,0.239067
3.202468,0.239056
3.19218,0.238894
3.194541,0.238864
3.175932,0.23889
3.1775,0.238845
3.161943,0.238696
3.150862,0.23872
3.145236,0.238521
3.13552,0.238437
3.129798,0.238438
3.114986,0.238431
3.111917,0.238333
3.099853,0.238208
3.099865,0.238251
3.084308,0.238154
3.079909,0.238043
3.058726,0.237835
3.06052,0.237897
3.048491,0.237688
3.048813,0.237782
3.045487,0.237787
3.045374,0.237721
3.050429,0.237791
3.040862,0.237733
3.043324,0.23767
3.028429,0.237535
3.034788,0.237682
3.019702,0.237468
3.02217,0.237529
3.000814,0.237334
3.001493,0.237383
2.981508,0.237212
2.982289,0.2374
2.970517,0.23703
2.964026,0.237023
2.948648,0.236884
2.936357,0.236852
2.929437,0.236753
2.920622,0.236698
2.92418,0.236662
2.908528,0.236549
2.914602,0.236586
2.904028,0.236553
2.908427,0.236714
2.889973,0.236522
2.891529,0.23638
2.872759,0.236161
2.872556,0.236234
2.860808,0.236202
2.856952,0.236345
2.84903,0.236062
2.83947,0.236084
2.829087,0.235846
2.817428,0.235947
2.810931,0.235827
2.803195,0.235683
2.804416,0.235638
2.78874,0.235527
2.791852,0.235668
2.774262,0.235379
2.77645,0.235458
2.760535,0.235395
2.766043,0.235362
2.756089,0.235403
2.757978,0.235346
2.751142,0.235226
2.745336,0.235185
2.736396,0.235085
2.732056,0.235075
2.726132,0.234986
2.708673,0.234945
2.706301,0.234884
2.686197,0.234581
2.683413,0.23469
2.669001,0.234505
2.672184,0.234582
2.663678,0.234454
2.666104,0.234496
2.654397,0.234405
2.656567,0.234376
2.649677,0.234359
2.63986,0.234215
2.637696,0.234226
2.633423,0.234275
2.632421,0.234272
2.625048,0.234079
2.62711,0.234189
2.613318,0.233986
2.620953,0.234044
2.609318,0.233958
2.60514,0.23393
2.587444,0.233875
2.582151,0.233918
2.560002,0.23357
2.552211,0.233491
2.539676,0.233407
2.530611,0.233338
2.526093,0.233159
2.514559,0.233185
2.51503,0.233099
2.508056,0.233082
2.513766,0.232962
2.508956,0.232999
2.513397,0.233091
2.499831,0.233036
2.505064,0.233067
2.491862,0.232908
2.488619,0.232856
2.471489,0.232794
2.471036,0.23266
2.462989,0.232666
2.463299,0.232705
2.455586,0.232548
2.452302,0.232497
2.455258,0.232505
2.443409,0.23245
2.446139,0.23254
2.434987,0.232363
2.436155,0.23244
2.42216,0.232245
2.424544,0.232297
2.411413,0.232091
2.410382,0.232201
2.389324,0.231957
2.388906,0.232
2.372211,0.231813
2.368081,0.23186
2.364224,0.231784
2.35998,0.231738
2.359641,0.231732
2.342701,0.231572
2.345949,0.231617
2.329987,0.231423
2.337122,0.231568
2.321881,0.231414
2.332252,0.231471
2.31874,0.231303
2.318275,0.231292
2.307427,0.231142
2.305806,0.231207
2.300155,0.231116
2.298737,0.231117
2.297771,0.231098
2.292413,0.231146
2.293658,0.231007
2.281922,0.230934
2.284086,0.231035
2.26869,0.230873
2.271509,0.230839
2.25262,0.230683
2.250546,0.230631
2.228642,0.23044
2.22584,0.230447
2.211231,0.230319
2.210474,0.230307
2.207023,0.230132
2.208155,0.230266
2.204967,0.230289
2.200973,0.230129
2.19627,0.230154
2.181649,0.229979
2.179039,0.230051
2.158922,0.229815
2.155286,0.229652
2.133328,0.229581
2.139181,0.22963
2.125096,0.229349
2.131236,0.229489
2.12158,0.229477
2.125484,0.229376
2.117467,0.229386
2.120882,0.229344
2.117497,0.229418
2.106309,0.229333
2.101505,0.229074
2.090496,0.229129
2.091068,0.229138
2.075893,0.228908
2.080494,0.22903
2.064633,0.228851
2.06989,0.228963
2.0594,0.228764
2.062088,0.228734
2.053577,0.228752
2.057564,0.22878
2.048618,0.228587
2.038991,0.228621
2.029961,0.228536
2.021968,0.228455
2.019471,0.228318
2.005816,0.22838
2.004832,0.228202
1.989621,0.228033
1.991963,0.228108
1.976544,0.227867
1.978844,0.227978
1.968473,0.228033
1.973206,0.228027
1.961416,0.227859
1.960421,0.227792
1.949888,0.227688
1.943314,0.22769
1.949155,0.227827
1.940048,0.227534
1.936978,0.227556
1.930851,0.227522
1.932228,0.227513
1.91412,0.22735
1.907891,0.227337
1.892334,0.227128
1.894957,0.227176
1.883632,0.226999
1.881307,0.227012
1.8709,0.226972
1.867956,0.226879
1.862562,0.226794
1.857257,0.226711
1.849973,0.226678
1.837206,0.226497
1.837403,0.226515
1.821864,0.226405
1.822966,0.226387
1.811934,0.226347
1.816046,0.226266
1.802409,0.226096
1.801163,0.226231
1.782966,0.225922
1.775658,0.225865
1.768243,0.225923
1.768821,0.225768
1.76729,0.225657
1.765335,0.225765
1.766521,0.2258
1.760226,0.225741
1.761734,0.225622
1.753151,0.225536
1.750243,0.225672
1.730466,0.225413
1.729959,0.225516
1.713163,0.225175
1.718575,0.225237
1.703411,0.225006
1.70483,0.225237
1.696336,0.225128
1.690018,0.224928
1.685601,0.224915
1.67861,0.224834
1.673633,0.224967
1.662755,0.224785
1.663804,0.224723
1.652801,0.224536
1.654285,0.224564
1.641577,0.224436
1.64333,0.224452
1.622564,0.224173
1.617903,0.224288
1.606578,0.224101
1.610506,0.224108
1.602054,0.223958
1.60206,0.223957
1.600456,0.22399
1.595372,0.223962
1.592785,0.223949
1.583749,0.223815
1.587188,0.223941
1.572567,0.223828
1.575798,0.223708
1.556492,0.22349
1.553774,0.223468
1.543379,0.223337
1.544881,0.22337
1.536304,0.223337
1.537943,0.223376
1.523668,0.223174
1.522315,0.223125
1.508468,0.223082
1.504552,0.222872
1.502454,0.222889
1.489091,0.222776
1.49104,0.222775
1.480502,0.222698
1.48086,0.222583
1.467413,0.222448
1.4741,0.222645
1.460755,0.222444
1.46665,0.222478
1.461542,0.222389
1.461422,0.222411
1.453763,0.222356
1.455462,0.222337
1.45092,0.222355
1.444745,0.222294
1.44285,0.222239
1.429397,0.222044
1.430911,0.222092
1.419365,0.221961
1.422369,0.222068
1.410639,0.221933
1.411289,0.221851
1.392061,0.22174
1.388514,0.221507
1.368463,0.221443
1.370066,0.221388
1.360959,0.22128
1.360255,0.221191
1.355869,0.221168
1.353079,0.221114
1.356763,0.221345
1.350403,0.221116
1.35296,0.221052
1.339489,0.22103
1.339686,0.22107
1.32466,0.220805
1.326144,0.220982
1.310724,0.220741
1.313561,0.220763
1.299703,0.220581
1.298505,0.220602
1.290792,0.220451
1.288664,0.220399
1.278329,0.220251
1.276463,0.220369
1.270014,0.220102
1.26195,0.220201
1.265389,0.220086
1.249808,0.219951
1.252258,0.21992
1.23598,0.21976
1.238465,0.219825
1.22329,0.219639
1.227987,0.219731
1.216078,0.219503
1.221985,0.219649
1.213801,0.219367
1.216292,0.219608
1.214832,0.219458
1.210999,0.219471
1.212704,0.219499
1.20731,0.219394
1.208055,0.219308
1.193094,0.219231
1.195771,0.219183
1.174951,0.219017
1.16936,0.219101
1.158684,0.218896
1.16235,0.218768
1.145875,0.21863
1.137561,0.218646
1.122302,0.218366
1.121193,0.218347
1.111817,0.218181
1.113647,0.218214
1.111251,0.218231
1.107633,0.218101
1.109427,0.218186
1.105458,0.21812
1.113772,0.218101
1.106471,0.218078
1.113451,0.218081
1.104087,0.218042
1.105928,0.218101
1.090688,0.217967
1.092315,0.217906
1.073396,0.217633
1.066995,0.217677
1.055354,0.217512
1.049954,0.217459
1.043808,0.217305
1.033193,0.217218
1.036102,0.217214
1.027632,0.217198
1.031864,0.217139
1.023841,0.217015
1.024675,0.217021
1.005411,0.216837
1.009077,0.216698
0.996399,0.216603
1.006538,0.216673
0.997174,0.216708
1.003593,0.216756
0.995314,0.216591
0.990868,0.216541
0.981933,0.216419
0.973982,0.216429
0.968796,0.216366
0.959766,0.216167
0.967503,0.216246
0.958467,0.21622
0.961339,0.216292
0.951898,0.216029
0.961632,0.216139
0.945169,0.215915
0.951111,0.215943
0.937521,0.215879
0.937039,0.215845
0.922495,0.215633
0.913841,0.21559
0.913292,0.21538
0.907797,0.215459
0.909239,0.215483
0.904751,0.215391
0.907749,0.215431
0.899708,0.21527
0.901586,0.215256
0.889081,0.215179
0.885725,0.215129
0.867975,0.214942
0.866777,0.214916
0.848818,0.214572
0.845134,0.214563
0.841504,0.214459
0.838786,0.214544
0.838375,0.214433
0.832015,0.214241
0.833392,0.214267
0.823343,0.21416
0.822085,0.214106
0.805432,0.214088
0.81147,0.214025
0.799036,0.213787
0.804883,0.213856
0.793505,0.213857
0.799596,0.213709
0.787014,0.213697
0.792652,0.213725
0.78724,0.213613
0.786906,0.213745
0.784737,0.213518
0.785738,0.213611
0.785923,0.213566
0.777507,0.213604
0.780195,0.21347
0.760961,0.213212
0.756609,0.213231
0.739014,0.212937
0.738353,0.212888
0.71786,0.212745
0.71944,0.212678
0.704998,0.212445
0.705987,0.212561
0.703382,0.212435
0.707072,0.212429
0.70281,0.212313
0.701815,0.212324
0.703967,0.212361
0.697786,0.212261
0.699192,0.212202
0.693864,0.212152
0.698829,0.212208
0.680643,0.212024
0.688243,0.21205
0.675219,0.211859
0.678444,0.212044
0.66098,0.211712
0.654715,0.211638
0.639468,0.211335
0.638562,0.211378
0.634533,0.211113
0.63175,0.211176
0.632083,0.211171
0.628316,0.211123
0.631112,0.211073
0.624603,0.211003
0.629634,0.211094
0.618118,0.211014
0.628084,0.210992
0.611722,0.210788
0.611514,0.210766
0.593853,0.210546
0.592905,0.210556
0.5822,0.210275
0.583404,0.210386
0.581801,0.210178
0.58192,0.210274
0.579935,0.210151
0.57351,0.210187
0.577062,0.210253
0.570428,0.209966
0.572717,0.210104
0.558168,0.209912
0.558227,0.209856
0.54338,0.209665
0.54208,0.209495
0.527686,0.209427
0.531173,0.209267
0.524944,0.20918
0.525087,0.209263
0.516701,0.209169
0.519711,0.209104
0.52014,0.209074
0.514114,0.20899
0.519276,0.209064
0.509715,0.208962
0.513059,0.208981
0.502527,0.208796
0.502384,0.208715
0.485855,0.208522
0.490606,0.208478
0.474411,0.208372
0.484127,0.208374
0.470912,0.208197
0.471735,0.208072
0.462353,0.208012
0.462925,0.20805
0.456822,0.207872
0.450397,0.20786
0.454152,0.20773
0.446492,0.207683
0.451553,0.20772
0.443435,0.207438
0.443411,0.207514
0.432193,0.207321
0.432032,0.207228
0.420374,0.207093
0.426006,0.207178
0.414938,0.207071
0.424898,0.207149
0.413942,0.207032
0.412822,0.206937
0.404745,0.206775
0.398642,0.206666
0.397789,0.206421
0.391132,0.206512
0.391197,0.206412
0.379181,0.206236
0.378162,0.206179
0.365734,0.205996
0.369185,0.205964
0.357872,0.205819
0.366265,0.205924
0.357687,0.205669
0.360066,0.205665
0.354952,0.205643
0.352144,0.205664
0.348032,0.20548
0.348699,0.205413
0.346631,0.205382
0.337064,0.205252
0.343144,0.205326
0.333303,0.205197
0.340384,0.205236
0.329626,0.205002
0.332099,0.205173
0.322062,0.204853
0.328588,0.20494
0.314909,0.204657
0.319993,0.204758
0.303209,0.204431
0.307125,0.204478
0.298148,0.204335
0.299454,0.20425
0.295728,0.204178
0.294548,0.204158
0.296021,0.204101
0.289202,0.204012
0.295496,0.204095
0.279891,0.203924
0.288272,0.203845
0.277674,0.203693
0.282061,0.203735
0.266939,0.203473
0.270164,0.203499
0.254339,0.203197
0.2536,0.203083
0.248468,0.202752
0.24718,0.202797
0.238526,0.202739
0.240052,0.202772
0.244164,0.202656
0.239378,0.202622
0.245047,0.202561
0.235713,0.202703
0.242561,0.202673
0.234336,0.20258
0.243825,0.20266
0.231469,0.202515
0.238639,0.202546
0.229168,0.202367
0.2325,0.202305
0.221461,0.202048
0.221157,0.202159
0.216258,0.202104
0.216228,0.201943
0.211304,0.201944
0.205421,0.201664
0.208277,0.201733
0.199586,0.201642
0.208676,0.201625
0.196707,0.20152
0.20507,0.201522
0.194758,0.201326
0.20169,0.201264
0.190604,0.201225
0.19719,0.201226
0.189233,0.201015
0.189435,0.201044
0.18509,0.200938
0.176632,0.200661
0.174475,0.20067
0.168002,0.200411
0.169522,0.20044
0.161028,0.200308
0.162232,0.200132
0.149387,0.199971
0.158739,0.199878
0.142837,0.199671
0.15046,0.19966
0.139678,0.19952
0.145072,0.19949
0.137478,0.199289
0.142699,0.199388
0.136364,0.199286
0.137007,0.199201
0.134224,0.199197
0.133365,0.199064
0.135893,0.199143
0.131798,0.199059
0.13538,0.198987
0.123823,0.198869
0.132722,0.198909
0.122672,0.198752
0.131905,0.198852
0.118625,0.198683
0.129509,0.198788
0.120497,0.19868
0.125337,0.198756
0.120664,0.198459
0.12325,0.198499
0.119114,0.198536
0.11968,0.198447
0.117064,0.198334
0.111413,0.198272
0.114268,0.198274
0.107718,0.198107
0.113493,0.198105
0.099391,0.197836
0.103319,0.197907
0.094056,0.197506
0.103945,0.197544
0.089777,0.197333
0.096053,0.197394
0.089121,0.19731
0.093687,0.197343
0.090468,0.197209
0.08828,0.197109
0.085735,0.196989
0.080353,0.196686
0.086212,0.196625
0.07484,0.196534
0.079769,0.196602
0.072438,0.196409
0.081575,0.196337
0.07273,0.196328
0.07804,0.196285
0.069499,0.196174
0.075912,0.196129
0.067735,0.196049
0.070465,0.196003
0.067866,0.195812
0.065345,0.195721
0.066054,0.195741
0.058657,0.195552
0.060356,0.195413
0.056541,0.195308
0.061202,0.195392
0.052357,0.195153
0.058472,0.195148
0.046182,0.194824
0.055993,0.19503
0.046426,0.194723
0.051916,0.194599
0.044864,0.194336
0.048995,0.194378
0.041348,0.194097
0.042439,0.194121
0.042397,0.19398
0.03832,0.193954
0.040048,0.193842
0.033426,0.193698
0.04006,0.193719
0.032365,0.193589
0.037986,0.193514
0.025547,0.193153
0.036079,0.19327
0.027484,0.193073
0.034034,0.193124
0.028896,0.193122
0.031722,0.193141
0.02324,0.192786
0.030953,0.192832
0.025654,0.192757
0.025839,0.192756
0.02749,0.192601
0.023562,0.192577
0.026411,0.192391
0.017166,0.192292
0.024736,0.191917
0.014567,0.191604
0.019979,0.191688
0.00937,0.191387
0.021642,0.191583
0.014693,0.191459
0.018913,0.191476
0.015539,0.191288
0.017148,0.191399
0.012499,0.191224
0.017542,0.191259
0.013679,0.191171
0.010926,0.191199
0.013351,0.190937
0.006783,0.190718
0.016099,0.190702
0.006407,0.190432
0.012875,0.190423
0.003815,0.190224
0.014931,0.190371
0.002807,0.190223
0.014323,0.190237
0.004709,0.190095
0.010669,0.190141
0.005871,0.190065
0.008297,0.190025
0.006217,0.189814
0.004345,0.189615
0.006473,0.189477
-0.000024,0.189418
